# Copyright (C) 1991-2013 Altera Corporation
# Your use of Altera Corporation's design tools, logic functions 
# and other software and tools, and its AMPP partner logic 
# functions, and any output files from any of the foregoing 
# (including device programming or simulation files), and any 
# associated documentation or information are expressly subject 
# to the terms and conditions of the Altera Program License 
# Subscription Agreement, Altera MegaCore Function License 
# Agreement, or other applicable license agreement, including, 
# without limitation, that your use is for the sole purpose of 
# programming logic devices manufactured by Altera and sold by 
# Altera or its authorized distributors.  Please refer to the 
# applicable agreement for further details.

# Quartus II 64-Bit Version 13.0.1 Build 232 06/12/2013 Service Pack 1 SJ Web Edition
# File: E:\Proyecto\Practica_1\Luces.csv
# Generated on: Wed Feb 07 20:28:12 2024

# Note: The column header names should not be changed if you wish to import this .csv file into the Quartus II software.

To,Direction,Location,I/O Bank,VREF Group,Fitter Location,I/O Standard,Reserved,Current Strength,Differential Pair
f,Output,PIN_AE22,7,B7_N0,PIN_B11,,,,
x1,Input,PIN_N25,5,B5_N1,PIN_C13,,,,
x2,Input,PIN_N26,5,B5_N1,PIN_D13,,,,
